{"cameraMode":{"drawMode":0,"name":"Shaded","section":"Shading Mode"},"sceneLighting":true,"audioPlay":false,"sceneViewState":{"m_AlwaysRefresh":false,"showFog":true,"showSkybox":true,"showFlares":true,"showImageEffects":true,"showParticleSystems":true,"showVisualEffectGraphs":true,"m_FxEnabled":true},"in2DMode":false,"pivot":{"x":-2.3760690689086916,"y":-4.02015495300293,"z":-8.118049621582032},"rotation":{"x":0.030292652547359468,"y":0.028481675311923028,"z":-0.0008622671011835337,"w":0.999137282371521},"size":14.588207244873047,"orthographic":true}