{"cameraMode":{"drawMode":0,"name":"Shaded","section":"Shading Mode"},"sceneLighting":false,"audioPlay":false,"sceneViewState":{"m_AlwaysRefresh":false,"showFog":true,"showSkybox":false,"showFlares":true,"showImageEffects":true,"showParticleSystems":true,"showVisualEffectGraphs":true,"m_FxEnabled":true},"in2DMode":false,"pivot":{"x":-13.09000015258789,"y":-6.4311017990112309,"z":1.0760583877563477},"rotation":{"x":0.04090651497244835,"y":0.4850253462791443,"z":-0.022719793021678926,"w":0.8732523918151856},"size":0.8660253882408142,"orthographic":true}